{"is_source_file": true, "format": "md", "description": ".md file: README.md", "external_files": [], "external_methods": [], "published": [], "classes": [], "methods": [], "calls": [], "search-terms": ["README.md", "md"], "state": 2, "filename": "README.md", "format-version": 4, "code-base-name": "https://github.com/kavia-common/simple-todo-manager-6322-6344.git:kavia-main", "knowledge_revision": 3, "git_revision": "9ce86889d5b841e5f74d19a71fea93c81eb00a33", "revision_history": [{"3": "9ce86889d5b841e5f74d19a71fea93c81eb00a33"}]}